,Date,Amount,Category,Subcategory,Payment Method,Description,Ref/Check No,Payee/Payer,Status,Receipt Picture,Account,Tag,Tax,Quantity,Split Total,Row Id,Type Id
0,04-01-2017,-120.0,Food,Restaurant,Cash,,,Cafeteria,Cleared,,Personal Expense,,,1 PCS,,2,
9,07-01-2017,-3000.0,Personal,Donation,Credit Card,,,Mad,Cleared,,Personal Expense,,,1 PCS,,10,
19,14-01-2017,-2621.0,Personal,Clothing,Credit Card,,,Max,Cleared,,Personal Expense,,,1 PCS,,22,
21,15-01-2017,-40.0,Food,Snack,Cash,,,Tea,Cleared,,Personal Expense,,,1 PCS,,24,
22,16-01-2017,-186.0,Travel,Bus,Cash,,,Bmtc,Cleared,,Personal Expense,,,1 PCS,,25,
30,22-01-2017,75.0,Income,Cash back,Electronic Transfer,,,Freecharge,Cleared,,Personal Expense,,,1 PCS,,33,
35,27-01-2017,-70.0,Food,Restaurant,Electronic Transfer,,,Cafeteria,Uncleared,,Personal Expense,,,1 PCS,,38,
57,12-02-2017,-85.0,Travel,Bus,Cash,,,Bus,Cleared,,Personal Expense,,,1 PCS,,59,
57,12-02-2017,-85.0,Travel,Bus,Cash,,,Bus,Cleared,,Personal Expense,,,1 PCS,,59,
67,18-02-2017,-127.0,Food,Restaurant,Credit Card,,,Polar bear,Uncleared,,Personal Expense,,,1 PCS,,69,
76,25-02-2017,-204.0,Other,Other,Electronic Transfer,,,Akhil,Uncleared,,Personal Expense,,,1 PCS,,80,
90,15-03-2017,-705.0,Utilities,Cable TV,Electronic Transfer,,,Tata sky,Uncleared,,Personal Expense,,,1 PCS,,94,
90,15-03-2017,-705.0,Utilities,Cable TV,Electronic Transfer,,,Tata sky,Uncleared,,Personal Expense,,,1 PCS,,94,
93,17-03-2017,-534.0,Food,Groceries,Electronic Transfer,,,Big Basket,Uncleared,,Personal Expense,,,1 PCS,,97,
94,18-03-2017,-249.0,Entertainment,Movies,Electronic Transfer,,,Pvr,Uncleared,,Personal Expense,,,1 PCS,,98,
103,28-03-2017,-1541.0,Travel,Bus,Credit Card,,,Ksrtc,Uncleared,,Personal Expense,,,1 PCS,,107,
109,02-04-2017,-1800.0,Household,Home Maintenance,Electronic Transfer,,,Assn Maintenance,Cleared,,Personal Expense,,,1 PCS,,113,
112,05-04-2017,-7236.0,Utilities,Internet,Credit Card,,,Act,Cleared,,Personal Expense,,,1 PCS,,116,
119,12-04-2017,1000.0,Income,,Electronic Transfer,,,Rohit,Uncleared,,Personal Expense,,,1 PCS,,126,
120,13-04-2017,-1000.0,Automobile,Fuel,Credit Card,,,Petrol,Uncleared,,Personal Expense,,,1 PCS,,124,
132,29-04-2017,-1020.0,Travel,Other Transportation,Electronic Transfer,,,Irctc,Cleared,,Personal Expense,,,1 PCS,,136,
146,13-05-2017,-140.0,Food,Groceries,Cash,,,More,Cleared,,Personal Expense,,,1 PCS,,148,
177,04-06-2017,-15.0,Travel,Bus,Cash,,,Bmtc,Uncleared,,Personal Expense,,,1 PCS,,181,
197,26-06-2017,-20.0,Travel,Bus,Cash,,,Bmtc,Uncleared,,Personal Expense,,,1 PCS,,202,
204,05-07-2017,-20.0,Travel,Bus,Cash,,,Bmtc,Cleared,,Personal Expense,,,1 PCS,,215,
206,07-07-2017,-3701.0,Personal,Clothing,Credit Card,,,Max,Uncleared,,Personal Expense,,,1 PCS,,210,
214,12-07-2017,-64.0,Travel,Bus,Cash,,,Bmtc,Uncleared,,Personal Expense,,,1 PCS,,223,
221,15-07-2017,-100.0,Entertainment,Sports,Electronic Transfer,,,Sachin,Uncleared,,Personal Expense,,,1 PCS,,229,
236,22-07-2017,-2001.0,Personal,Clothing,Cash,,,Reliance Trends,Cleared,,Personal Expense,,,1 PCS,,240,
239,24-07-2017,-50.0,Automobile,Other,Cash,,,VR mall,Cleared,,Personal Expense,,,1 PCS,,243,
245,29-07-2017,-80.0,Food,Groceries,Credit Card,,,More,Uncleared,,Personal Expense,,,1 PCS,,253,
250,03-08-2017,-144.0,Travel,Taxi,Credit Card,,,Uber,Uncleared,,Personal Expense,,,1 PCS,,257,
252,05-08-2017,-114.0,Travel,Taxi,Credit Card,,,Uber,Uncleared,,Personal Expense,,,1 PCS,,258,
279,01-09-2017,-1300.0,Health Care,Medical,Cash,,,SS Labs,Cleared,,Personal Expense,,,1 PCS,,289,
295,12-09-2017,-107.0,Food,Groceries,Credit Card,,,More,Uncleared,,Personal Expense,,,1 PCS,,304,
298,16-09-2017,-300.0,Travel,Parking,Cash,,,Police,Cleared,,Personal Expense,,,1 PCS,,307,
308,23-09-2017,-100.0,Travel,Other Transportation,Cash,,,Metro,Cleared,,Personal Expense,,,1 PCS,,318,
309,23-09-2017,-141.0,Food,Groceries,Cash,,,More,Cleared,,Personal Expense,,,1 PCS,,319,
311,23-09-2017,-2219.0,Other,Online Store,Credit Card,,,Mynthra,Cleared,,Personal Expense,,,1 PCS,,324,
317,25-09-2017,-20.0,Travel,Bus,Cash,,,Bmtc,Uncleared,,Personal Expense,,,1 PCS,,327,
325,30-09-2017,-84.0,Food,Groceries,Cash,Milk,,,Cleared,,Personal Expense,,,1 PCS,,335,
326,30-09-2017,-680.0,Food,Restaurant,Cash,,,Kaasa Basi,Cleared,,Personal Expense,,,1 PCS,,336,
326,30-09-2017,-680.0,Food,Restaurant,Cash,,,Kaasa Basi,Cleared,,Personal Expense,,,1 PCS,,336,
328,02-10-2017,-320.0,Entertainment,Movies,Credit Card,,,Pvr,Cleared,,Personal Expense,,,1 PCS,,338,
345,09-10-2017,-429.0,Food,Restaurant,Credit Card,,,Foodpanda,Cleared,,Personal Expense,,,1 PCS,,354,
353,23-10-2017,-77.0,Food,Groceries,Credit Card,,,More,Uncleared,,Personal Expense,,,1 PCS,,363,
355,23-10-2017,-50.0,Food,Restaurant,Electronic Transfer,,,Cafeteria,Cleared,,Personal Expense,,,1 PCS,,365,
360,29-10-2017,-1251.0,Food,Restaurant,Credit Card,,,Galito's,Uncleared,,Personal Expense,,,1 PCS,,370,
362,30-10-2017,-40.0,Travel,Bus,Cash,,,Bmtc,Uncleared,,Personal Expense,,,1 PCS,,369,
364,01-11-2017,-274.0,Food,Groceries,Credit Card,,,More,Uncleared,,Personal Expense,,,1 PCS,,374,
364,01-11-2017,-274.0,Food,Groceries,Credit Card,,,More,Uncleared,,Personal Expense,,,1 PCS,,374,
370,07-11-2017,-5267.0,Household,Rent,Electronic Transfer,,,Owner,Uncleared,,Personal Expense,,,1 PCS,,380,
371,07-11-2017,-223.0,Food,Snack,Cash,,,Freshmenu,Cleared,,Personal Expense,,,1 PCS,,381,
378,20-11-2017,-80.0,Food,Restaurant,Electronic Transfer,,,Cafeteria,Uncleared,,Personal Expense,,,1 PCS,,390,
386,29-11-2017,-50.0,Food,Restaurant,Electronic Transfer,,,Cafeteria,Uncleared,,Personal Expense,,,1 PCS,,397,
392,03-12-2017,-13.0,Travel,Other Transportation,Cash,,,Metro,Uncleared,,Personal Expense,,,1 PCS,,403,
393,05-12-2017,-120.0,Food,Restaurant,Electronic Transfer,,,Cafeteria,Cleared,,Personal Expense,,,1 PCS,,404,
393,05-12-2017,-120.0,Food,Restaurant,Electronic Transfer,,,Cafeteria,Cleared,,Personal Expense,,,1 PCS,,404,
394,07-12-2017,-100.0,Food,Restaurant,Electronic Transfer,,,Cafeteria,Uncleared,,Personal Expense,,,1 PCS,,405,
395,08-12-2017,-100.0,Food,Restaurant,Electronic Transfer,,,Cafeteria,Uncleared,,Personal Expense,,,1 PCS,,406,
395,08-12-2017,-100.0,Food,Restaurant,Electronic Transfer,,,Cafeteria,Uncleared,,Personal Expense,,,1 PCS,,406,
400,10-12-2017,-209.0,Food,Groceries,Credit Card,,,More,Uncleared,,Personal Expense,,,1 PCS,,411,
405,14-12-2017,-70.0,Food,Groceries,Credit Card,,,More,Uncleared,,Personal Expense,,,1 PCS,,419,
405,14-12-2017,-70.0,Food,Groceries,Credit Card,,,More,Uncleared,,Personal Expense,,,1 PCS,,419,
422,30-12-2017,-146.0,Entertainment,Movies,Electronic Transfer,,,Book my show,Cleared,,Personal Expense,,,1 PCS,,432,
432,09-01-2018,-53.0,Travel,Bus,Cash,,,Bmtc,Cleared,,Personal Expense,,,1 PCS,,439,
434,10-01-2018,-4999.0,Other,Online Store,Electronic Transfer,Shoes,,Amazon,Uncleared,,Personal Expense,,,1 PCS,,441,
435,10-01-2018,-397.0,Food,Snack,Credit Card,,,Freshmenu,Uncleared,,Personal Expense,,,1 PCS,,458,
437,11-01-2018,-142.0,Food,Snack,Credit Card,,,Freshmenu,Uncleared,,Personal Expense,,,1 PCS,,442,
438,12-01-2018,-244.0,Uncategorized,,Credit Card,,,Freshmenu,Uncleared,,Personal Expense,,,1 PCS,,456,
441,13-01-2018,-164.0,Travel,Taxi,Credit Card,,,Uber,Cleared,,Personal Expense,,,1 PCS,,445,
442,13-01-2018,-116.0,Uncategorized,,Credit Card,,,Uber,Uncleared,,Personal Expense,,,1 PCS,,446,
445,15-01-2018,-43.0,Utilities,Water,Electronic Transfer,,,Water can,Uncleared,,Personal Expense,,,1 PCS,,451,
448,17-01-2018,-50.0,Food,Restaurant,Electronic Transfer,,,Cafeteria,Uncleared,,Personal Expense,,,1 PCS,,459,
449,19-01-2018,-50.0,Food,Restaurant,Electronic Transfer,,,Cafeteria,Uncleared,,Personal Expense,,,1 PCS,,460,
454,20-01-2018,-2553.0,Other,Online Store,Electronic Transfer,,,Amazon,Uncleared,,Personal Expense,,,1 PCS,,466,
470,30-01-2018,-150.0,Other,Online Store,Electronic Transfer,Book my show cash back,,Amazon,Uncleared,,Personal Expense,,,1 PCS,,481,
483,05-02-2018,-15000.0,Loans,,Electronic Transfer,,,Anoop R,Uncleared,,Personal Expense,Loans,,1 PCS,,493,
483,05-02-2018,-15000.0,Loans,,Electronic Transfer,,,Anoop R,Uncleared,,Personal Expense,Loans,,1 PCS,,493,
487,07-02-2018,-53.0,Travel,Bus,Cash,,,Bmtc,Cleared,,Personal Expense,,,1 PCS,,499,
506,19-02-2018,-100.0,Food,Restaurant,Electronic Transfer,,,Cafeteria,Uncleared,,Personal Expense,,,1 PCS,,517,
507,19-02-2018,-147.0,Food,Snack,Credit Card,,,Freshmenu,Uncleared,,Personal Expense,,,1 PCS,,518,
510,20-02-2018,-73.0,Food,Snack,Credit Card,,,Freshmenu,Uncleared,,Personal Expense,,,1 PCS,,521,
513,22-02-2018,-50.0,Food,Restaurant,Electronic Transfer,,,Cafeteria,Uncleared,,Personal Expense,,,1 PCS,,524,
513,22-02-2018,-50.0,Food,Restaurant,Electronic Transfer,,,Cafeteria,Uncleared,,Personal Expense,,,1 PCS,,524,
533,13-03-2018,-372.0,Food,Snack,Credit Card,,,Freshmenu,Uncleared,,Personal Expense,,,1 PCS,,544,
536,17-03-2018,-541.0,Utilities,Electric,Credit Card,,,Bescom,Uncleared,,Personal Expense,,,1 PCS,,547,
536,17-03-2018,-541.0,Utilities,Electric,Credit Card,,,Bescom,Uncleared,,Personal Expense,,,1 PCS,,547,
541,20-03-2018,-323.0,Food,Restaurant,Credit Card,,,Swiggy,Uncleared,,Personal Expense,,,1 PCS,,551,
543,23-03-2018,-70.0,Travel,Taxi,Credit Card,,,Uber,Uncleared,,Personal Expense,,,1 PCS,,554,
544,23-03-2018,-204.0,Food,Snack,Credit Card,,,Freshmenu,Uncleared,,Personal Expense,,,1 PCS,,555,
548,24-03-2018,-3000.0,Loans,Other,Electronic Transfer,,,Hari,Uncleared,,Personal Expense,Loans,,1 PCS,,557,
549,24-03-2018,-205.0,Food,Restaurant,Credit Card,,,Swiggy,Uncleared,,Personal Expense,,,1 PCS,,558,
552,25-03-2018,-147.0,Food,Snack,Credit Card,,,Freshmenu,Uncleared,,Personal Expense,,,1 PCS,,563,
560,30-03-2018,-482.0,Uncategorized,,Credit Card,,,Uber,Uncleared,,Personal Expense,,,1 PCS,,571,
561,30-03-2018,-300.0,Uncategorized,,Credit Card,,,Uber,Uncleared,,Personal Expense,,,1 PCS,,570,
565,04-04-2018,-935.0,Food,Restaurant,Electronic Transfer,,,Dockyard,Uncleared,,Personal Expense,,,1 PCS,,575,
577,14-04-2018,-70.0,Food,Groceries,Credit Card,,,More,Cleared,,Personal Expense,,,1 PCS,,589,
579,16-04-2018,-43.0,Utilities,Water,Electronic Transfer,,,Water can,Uncleared,,Personal Expense,,,1 PCS,,590,
582,17-04-2018,-115.0,Food,Groceries,Credit Card,,,More,Uncleared,,Personal Expense,,,1 PCS,,594,
583,17-04-2018,-90.0,Food,Restaurant,Electronic Transfer,,,Cafeteria,Uncleared,,Personal Expense,,,1 PCS,,593,
590,22-04-2018,100.0,Income,,Electronic Transfer,,,Amazon,Cleared,,Personal Expense,,,1 PCS,,601,
594,23-04-2018,-253.0,Food,Snack,Electronic Transfer,,,Freshmenu,Uncleared,,Personal Expense,,,1 PCS,,605,
594,23-04-2018,-253.0,Food,Snack,Electronic Transfer,,,Freshmenu,Uncleared,,Personal Expense,,,1 PCS,,605,
601,28-04-2018,-43.0,Utilities,Water,Electronic Transfer,,,Water can,Uncleared,,Personal Expense,,,1 PCS,,611,
603,29-04-2018,-297.0,Food,Groceries,Credit Card,,,More,Uncleared,,Personal Expense,,,1 PCS,,614,
603,29-04-2018,-297.0,Food,Groceries,Credit Card,,,More,Uncleared,,Personal Expense,,,1 PCS,,614,
606,01-05-2018,-89.0,Food,Snack,Electronic Transfer,,,Freshmenu,Cleared,,Personal Expense,,,1 PCS,,617,
607,02-05-2018,-439.0,Food,Snack,Electronic Transfer,,,Freshmenu,Uncleared,,Personal Expense,,,1 PCS,,618,
607,02-05-2018,-439.0,Food,Snack,Electronic Transfer,,,Freshmenu,Uncleared,,Personal Expense,,,1 PCS,,618,
643,04-06-2018,-50.0,Food,Restaurant,Electronic Transfer,,,Cafeteria,Uncleared,,Personal Expense,,,1 PCS,,655,
652,10-06-2018,-20.0,Travel,Bus,Cash,,,Bmtc,Uncleared,,Personal Expense,,,1 PCS,,661,
658,16-06-2018,-440.0,Food,Snack,Credit Card,,,Navya Bakers,Cleared,,Personal Expense,,,1 PCS,,668,
664,22-06-2018,-146.0,Food,Snack,Electronic Transfer,,,Freshmenu,Uncleared,,Personal Expense,,,1 PCS,,674,
670,25-06-2018,-278.0,Food,Snack,Electronic Transfer,,,Freshmenu,Uncleared,,Personal Expense,,,1 PCS,,681,
672,27-06-2018,-198.0,Food,Restaurant,Credit Card,,,Zomato,Uncleared,,Personal Expense,,,1 PCS,,683,
678,04-07-2018,-4639.0,Household,Rent,Electronic Transfer,,,Vibin,Uncleared,,Personal Expense,,,1 PCS,,688,
680,04-07-2018,-40.0,Food,Restaurant,Electronic Transfer,,,Cafeteria,Uncleared,,Personal Expense,,,1 PCS,,690,
681,04-07-2018,-1870.0,Travel,Train,Electronic Transfer,,,Irctc,Uncleared,,Personal Expense,,,1 PCS,,692,
692,16-07-2018,-305.0,Food,Restaurant,Electronic Transfer,,,Swiggy,Uncleared,,Personal Expense,,,1 PCS,,703,
700,20-07-2018,-3000.0,Loans,Other,Electronic Transfer,,,Hari,Uncleared,,Personal Expense,Loans,,1 PCS,,711,
703,21-07-2018,-165.0,Travel,Taxi,Credit Card,,,Uber,Uncleared,,Personal Expense,,,1 PCS,,714,
704,21-07-2018,-80.0,Utilities,Water,Electronic Transfer,,,Water can,Uncleared,,Personal Expense,,,1 PCS,,715,
704,21-07-2018,-80.0,Utilities,Water,Electronic Transfer,,,Water can,Uncleared,,Personal Expense,,,1 PCS,,715,
706,23-07-2018,-50.0,Food,Restaurant,Electronic Transfer,,,Cafeteria,Uncleared,,Personal Expense,,,1 PCS,,717,
722,02-08-2018,-3296.0,Household,Rent,Electronic Transfer,,,Vibin,Uncleared,,Personal Expense,,,1 PCS,,732,
722,02-08-2018,-3296.0,Household,Rent,Electronic Transfer,,,Vibin,Uncleared,,Personal Expense,,,1 PCS,,732,
729,05-08-2018,-301.0,Entertainment,Movies,Electronic Transfer,Mission Impossible,,Book my show,Uncleared,,Personal Expense,,,1 PCS,,740,
729,05-08-2018,-301.0,Entertainment,Movies,Electronic Transfer,Mission Impossible,,Book my show,Uncleared,,Personal Expense,,,1 PCS,,740,
730,05-08-2018,-225.0,Food,Groceries,Credit Card,,,More,Uncleared,,Personal Expense,,,1 PCS,,741,
730,05-08-2018,-225.0,Food,Groceries,Credit Card,,,More,Uncleared,,Personal Expense,,,1 PCS,,741,
748,15-08-2018,-103.0,Food,Restaurant,Electronic Transfer,,,Kuttanad,Cleared,,Personal Expense,,,1 PCS,,759,
749,16-08-2018,-491.0,Utilities,Telephone,Paytm,Amma's mobile bill cashback,,Bsnl,Uncleared,,Personal Expense,,,1 PCS,,760,
777,26-08-2018,-274.0,Food,Restaurant,Credit Card,Kfc,,Swiggy,Uncleared,,Personal Expense,,,1 PCS,,788,
781,29-08-2018,-323.0,Food,Restaurant,Credit Card,,,Swiggy,Uncleared,,Personal Expense,,,1 PCS,,790,
788,04-09-2018,-90.0,Food,Restaurant,Paytm,,,Cafeteria,Uncleared,,Personal Expense,,,1 PCS,,800,
790,05-09-2018,-40.0,Food,Restaurant,Paytm,,,Cafeteria,Uncleared,,Personal Expense,,,1 PCS,,803,
794,06-09-2018,-371.0,Travel,Train,Electronic Transfer,,,Irctc,Uncleared,,Personal Expense,,,1 PCS,,804,
796,06-09-2018,-351.0,Travel,Train,Electronic Transfer,,,Irctc,Uncleared,,Personal Expense,,,1 PCS,,806,
799,06-09-2018,-210.0,Travel,Taxi,Credit Card,,,Uber,Uncleared,,Personal Expense,,,1 PCS,,810,
812,09-09-2018,-163.0,Travel,Taxi,Credit Card,,,Uber,Uncleared,,Personal Expense,,,1 PCS,,823,
813,09-09-2018,-139.0,Food,Restaurant,Credit Card,,,Swiggy,Uncleared,,Personal Expense,,,1 PCS,,824,
816,11-09-2018,-398.0,Utilities,Telephone,Debit,,,Airtel,Uncleared,,Personal Expense,,,1 PCS,,827,
835,27-09-2018,-40.0,Food,Restaurant,Paytm,,,Cafeteria,Uncleared,,Personal Expense,,,1 PCS,,846,
840,29-09-2018,-180.0,Entertainment,Sports,Electronic Transfer,,,Soccerholic,Uncleared,,Personal Expense,,,1 PCS,,849,
842,29-09-2018,-169.0,Food,Restaurant,Credit Card,,,Kfc,Uncleared,,Personal Expense,,,1 PCS,,854,
851,02-10-2018,98.0,Income,,Electronic Transfer,Swiggy food,,Amazon,Uncleared,,Personal Expense,,,1 PCS,,860,
853,02-10-2018,-320.0,Food,Restaurant,Credit Card,,,Sangam Mess,Uncleared,,Personal Expense,,,1 PCS,,863,
858,03-10-2018,-64.0,Personal,Other,Electronic Transfer,,,Vimal,Uncleared,,Personal Expense,,,1 PCS,,867,
863,05-10-2018,915.0,Income,,Electronic Transfer,Gautam  Akhil  Varanya  Yash  Prajith  Sachin  Thomas,,Sports X,Uncleared,,Personal Expense,,,1 PCS,,873,
864,05-10-2018,-182.0,Food,Groceries,Credit Card,,,More,Uncleared,,Personal Expense,,,1 PCS,,874,
869,07-10-2018,-177.0,Food,Snack,Electronic Transfer,,,Freshmenu,Uncleared,,Personal Expense,,,1 PCS,,879,
872,07-10-2018,560.0,Income,,Electronic Transfer,Canceled refund,,Sports X,Uncleared,,Personal Expense,,,1 PCS,,882,
875,08-10-2018,-30.0,Travel,Bus,Cash,,,Bmtc,Uncleared,,Personal Expense,,,1 PCS,,888,
881,09-10-2018,30.0,Income,,Electronic Transfer,Gpay,,Freshmenu,Uncleared,,Personal Expense,,,1 PCS,,892,
884,10-10-2018,-40.0,Food,Restaurant,Paytm,,,Cafeteria,Uncleared,,Personal Expense,,,1 PCS,,893,
888,11-10-2018,-11788.0,Family,Other,Credit Card,Phone for deepak,,Flipkart,Uncleared,,Personal Expense,,,1 PCS,,898,
889,11-10-2018,-171.0,Family,Other,Credit Card,Sandals,,Flipkart,Uncleared,,Personal Expense,,,1 PCS,,899,
898,14-10-2018,-334.0,Food,Restaurant,Amazon Pay,,,Swiggy,Uncleared,,Personal Expense,,,1 PCS,,907,
901,15-10-2018,-100.0,Food,Restaurant,Paytm,,,Cafeteria,Uncleared,,Personal Expense,,,1 PCS,,912,
903,15-10-2018,-57.0,Travel,Taxi,Credit Card,,,Uber,Uncleared,,Personal Expense,,,1 PCS,,913,
934,01-11-2018,-391.0,Food,Groceries,Credit Card,,,More,Uncleared,,Personal Expense,,,1 PCS,,945,
940,02-11-2018,-119.0,Travel,Taxi,Credit Card,,,Uber,Uncleared,,Personal Expense,,,1 PCS,,949,
942,03-11-2018,-28.0,Travel,Other Transportation,Electronic Transfer,,,Metro,Uncleared,,Personal Expense,,,1 PCS,,953,
942,03-11-2018,-28.0,Travel,Other Transportation,Electronic Transfer,,,Metro,Uncleared,,Personal Expense,,,1 PCS,,953,
943,03-11-2018,1768.0,Income,,Amazon Pay,Bayer dynamic refund,,Amazon,Uncleared,,Personal Expense,,,1 PCS,,954,
947,04-11-2018,31.0,Income,,PhonePe,,,Eat fit,Uncleared,,Personal Expense,,,1 PCS,,958,
954,06-11-2018,50.0,Income,,Amazon Pay,Swiggy - onesta,,Amazon,Uncleared,,Personal Expense,,,1 PCS,,965,
954,06-11-2018,50.0,Income,,Amazon Pay,Swiggy - onesta,,Amazon,Uncleared,,Personal Expense,,,1 PCS,,965,
965,13-11-2018,-50.0,Food,Restaurant,Paytm,,,Cafeteria,Uncleared,,Personal Expense,,,1 PCS,,976,
972,16-11-2018,-331.0,Entertainment,Movies,Credit Card,Fantastic Beasts,,Book my show,Uncleared,,Personal Expense,,,1 PCS,,983,
980,19-11-2018,-83.0,Food,Groceries,Paytm,,,More,Uncleared,,Personal Expense,,,1 PCS,,991,
995,23-11-2018,-80.0,Food,Snack,Cash,,,Snacks,Uncleared,,Personal Expense,,,1 PCS,,1009,
1000,25-11-2018,-24.0,Travel,Bus,Cash,,,Bus,Cleared,,Personal Expense,,,1 PCS,,1010,
1010,28-11-2018,-255.0,Food,Restaurant,Amazon Pay,,,Eat fit,Uncleared,,Personal Expense,,,1 PCS,,1021,
1013,29-11-2018,-26110.0,Travel,Airplane,Electronic Transfer,Bali,,Bhavish,Uncleared,,Personal Expense,Vacation,,1 PCS,,1024,
1018,01-12-2018,-140.0,Food,Snack,Paytm,,,Uber Eats,Uncleared,,Personal Expense,,,1 PCS,,1029,
1021,02-12-2018,-48.0,Food,Snack,Paytm,,,Chai Point,Uncleared,,Personal Expense,,,1 PCS,,1032,
1023,03-12-2018,-15000.0,Household,Rent,Electronic Transfer,,,Srinivasan,Uncleared,,Personal Expense,,,1 PCS,,1034,
1030,05-12-2018,-141.0,Travel,Taxi,Credit Card,,,Uber,Uncleared,,Personal Expense,,,1 PCS,,1040,
1046,11-12-2018,850.0,Income,,Electronic Transfer,,,Luthesh,Uncleared,,Personal Expense,,,1 PCS,,1056,
1048,11-12-2018,-150.0,Food,Restaurant,Paytm,Eat fit,,Zomato,Uncleared,,Personal Expense,,,1 PCS,,1057,
1056,14-12-2018,-383.0,Utilities,Electric,PhonePe,,,Bescom,Uncleared,,Personal Expense,,,1 PCS,,1065,
1058,15-12-2018,350.0,Income,,Google Pay,Badminton,,Abin Nair,Uncleared,,Personal Expense,,,1 PCS,,1068,
1059,15-12-2018,100.0,Income,,Amazon Pay,Badminton,,Neeraj,Uncleared,,Personal Expense,,,1 PCS,,1070,
1060,16-12-2018,-73.0,Food,Restaurant,Credit Card,,,Swiggy,Uncleared,,Personal Expense,,,1 PCS,,1071,
1064,17-12-2018,-159.0,Food,Restaurant,PhonePe,,,Swiggy,Uncleared,,Personal Expense,,,1 PCS,,1074,
1065,18-12-2018,-40.0,Food,Restaurant,Paytm,,,Cafeteria,Uncleared,,Personal Expense,,,1 PCS,,1076,
1078,20-12-2018,150.0,Income,,Electronic Transfer,,,Vibin,Uncleared,,Personal Expense,,,1 PCS,,1089,
1084,22-12-2018,-120.0,Food,Restaurant,Credit Card,,,Anna Cafe,Uncleared,,Personal Expense,,,1 PCS,,1093,
1088,24-12-2018,-4033.0,Travel,Train,PhonePe,For me  vimal and vibin,,Irctc,Uncleared,,Personal Expense,,,1 PCS,,1099,
1091,24-12-2018,-2120.0,Personal,Gift,Credit Card,Ashwathy's wedding gift,,The Body Shop,Uncleared,,Personal Expense,,,1 PCS,,1103,
1095,26-12-2018,530.0,Income,,PhonePe,,,Vibin,Uncleared,,Personal Expense,,,1 PCS,,1106,
1096,26-12-2018,530.0,Income,,PhonePe,,,Rawah,Uncleared,,Personal Expense,,,1 PCS,,1107,
1096,26-12-2018,530.0,Income,,PhonePe,,,Rawah,Uncleared,,Personal Expense,,,1 PCS,,1107,
1100,29-12-2018,-2000.0,Health Care,Dental,Cash,,,Orthodontix and More,Cleared,,Personal Expense,,,1 PCS,,1111,
1108,01-01-2019,-211.0,Food,Groceries,Paytm,,,Big Basket,Uncleared,,Personal Expense,,,1 PCS,,1119,
1118,04-01-2019,-50.0,Food,Restaurant,Paytm,,,Cafeteria,Uncleared,,Personal Expense,,,1 PCS,,1129,
1118,04-01-2019,-50.0,Food,Restaurant,Paytm,,,Cafeteria,Uncleared,,Personal Expense,,,1 PCS,,1129,
1122,05-01-2019,-1486.0,Travel,Bus,Credit Card,,,Ksrtc,Cleared,,Personal Expense,,,1 PCS,,1134,
1124,07-01-2019,-528.0,Food,Groceries,Paytm,,,Big Basket,Uncleared,,Personal Expense,,,1 PCS,,1136,
1140,13-01-2019,-440.0,Entertainment,Movies,Credit Card,Njan Prakashan,,Book my show,Uncleared,,Personal Expense,,,1 PCS,,1159,
1144,14-01-2019,-495.0,Food,Restaurant,Credit Card,,,Brindavan,Uncleared,,Personal Expense,,,1 PCS,,1156,
1151,17-01-2019,-20.0,Food,Restaurant,Paytm,,,Cafeteria,Uncleared,,Personal Expense,,,1 PCS,,1167,
1163,21-01-2019,-20.0,Food,Restaurant,Paytm,,,Cafeteria,Uncleared,,Personal Expense,,,1 PCS,,1173,
1165,21-01-2019,-438.0,Entertainment,Sports,PhonePe,Sallu  Sreejesh  Neeraj,,Playo,Uncleared,,Personal Expense,,,1 PCS,,1176,
1168,22-01-2019,-10.0,Travel,Bus,Cash,,,Bmtc,Uncleared,,Personal Expense,,,1 PCS,,1178,
1169,22-01-2019,-150.0,Food,Snack,Google Pay,,,Juice Point,Cleared,,Personal Expense,,,1 PCS,,1179,
1173,23-01-2019,-500.0,Entertainment,Sports,PhonePe,Sallu  Sreejesh  Neeraj,,Playo,Uncleared,,Personal Expense,,,1 PCS,,1185,
1176,23-01-2019,-150.0,Food,Snack,Google Pay,,,Juice Point,Uncleared,,Personal Expense,,,1 PCS,,1188,
1191,27-01-2019,-62.0,Travel,Taxi,Credit Card,,,Uber,Cleared,,Personal Expense,,,1 PCS,,1203,
1192,27-01-2019,-71.0,Travel,Taxi,Credit Card,,,Uber,Uncleared,,Personal Expense,,,1 PCS,,1204,
1200,30-01-2019,-20.0,Food,Restaurant,Paytm,,,Cafeteria,Uncleared,,Personal Expense,,,1 PCS,,1213,
1209,02-02-2019,-120.0,Food,Snack,Google Pay,,,Juice Point,Uncleared,,Personal Expense,,,1 PCS,,1221,
1212,03-02-2019,-125.0,Food,Restaurant,Credit Card,,,Swiggy,Uncleared,,Personal Expense,,,1 PCS,,1224,
1222,05-02-2019,-90000.0,Loans,,Electronic Transfer,For wedding,,Neeraj,Uncleared,,Personal Expense,Loans,,1 PCS,,1282,
1222,05-02-2019,-90000.0,Loans,,Electronic Transfer,For wedding,,Neeraj,Uncleared,,Personal Expense,Loans,,1 PCS,,1282,
1226,05-02-2019,-179.0,Food,Snack,Amazon Pay,,,Freshmenu,Uncleared,,Personal Expense,,,1 PCS,,1235,
1235,09-02-2019,-195.0,Food,Restaurant,Credit Card,,,Swiggy,Uncleared,,Personal Expense,,,1 PCS,,1245,
1235,09-02-2019,-195.0,Food,Restaurant,Credit Card,,,Swiggy,Uncleared,,Personal Expense,,,1 PCS,,1245,
1238,10-02-2019,-109.0,Food,Snack,Credit Card,,,Uber Eats,Uncleared,,Personal Expense,,,1 PCS,,1248,
1238,10-02-2019,-109.0,Food,Snack,Credit Card,,,Uber Eats,Uncleared,,Personal Expense,,,1 PCS,,1248,
1241,11-02-2019,-476.0,Entertainment,Sports,Credit Card,Vibin  Sallu  Neeraj  sreejesh,,Playo,Uncleared,,Personal Expense,,,1 PCS,,1251,
1242,11-02-2019,-119.0,Food,Snack,Credit Card,,,Uber Eats,Uncleared,,Personal Expense,,,1 PCS,,1252,
1247,13-02-2019,131.0,Income,,Google Pay,,,Vibin,Uncleared,,Personal Expense,,,1 PCS,,1257,
1251,13-02-2019,-86.0,Utilities,Water,Paytm,,,Water can,Uncleared,,Personal Expense,,,1 PCS,,1261,
1254,19-02-2019,-96.0,Food,Restaurant,Credit Card,,,Swiggy,Uncleared,,Personal Expense,,,1 PCS,,1263,
1260,20-02-2019,-169.0,Food,Restaurant,Google Pay,,,Swiggy,Uncleared,,Personal Expense,,,1 PCS,,1298,
1264,21-02-2019,-164.0,Food,Snack,Credit Card,,,Uber Eats,Uncleared,,Personal Expense,,,1 PCS,,1272,
1267,23-02-2019,-398.0,Utilities,Telephone,Credit Card,,,Airtel,Uncleared,,Personal Expense,,,1 PCS,,1274,
1271,26-02-2019,-53.0,Travel,Bus,Cash,,,Bmtc,Uncleared,,Personal Expense,,,1 PCS,,1280,
1277,27-02-2019,-47.0,Travel,Taxi,Credit Card,,,Uber,Uncleared,,Personal Expense,,,1 PCS,,1287,
1280,28-02-2019,70.5,Income,,Google Pay,Badminton,,Abin Nair,Uncleared,,Personal Expense,,,1 PCS,,1289,
1282,28-02-2019,-376.0,Entertainment,Sports,Credit Card,Abin  Sreejesh,,Playo,Uncleared,,Personal Expense,Sports,,1 PCS,,1291,
1284,01-03-2019,-108.0,Food,Restaurant,Credit Card,,,Swiggy,Uncleared,,Personal Expense,,,1 PCS,,1293,
1286,01-03-2019,-999.0,Other,Online Store,Electronic Transfer,Prime membership,,Amazon,Uncleared,,Personal Expense,,,1 PCS,,1294,
1288,01-03-2019,162.0,Income,,Electronic Transfer,Book my show cash back,,Payzapp,Uncleared,,Personal Expense,,,1 PCS,,1296,
1288,01-03-2019,162.0,Income,,Electronic Transfer,Book my show cash back,,Payzapp,Uncleared,,Personal Expense,,,1 PCS,,1296,
1302,03-03-2019,-20.0,Food,Snack,Cash,,,Juice Point,Cleared,,Personal Expense,,,1 PCS,,1310,
1308,04-03-2019,94.0,Income,,Google Pay,,,Abin Nair,Uncleared,,Personal Expense,,,1 PCS,,1319,
1318,07-03-2019,-219.0,Food,Restaurant,Credit Card,,,Swiggy,Uncleared,,Personal Expense,,,1 PCS,,1331,
1320,08-03-2019,-40.0,Food,Snack,Cash,,,Juice Point,Uncleared,,Personal Expense,,,1 PCS,,1333,
1327,17-03-2019,-248.0,Food,Snack,Credit Card,,,Freshmenu,Uncleared,,Personal Expense,,,1 PCS,,1340,
1328,17-03-2019,-30761.0,Vacation,Misc,Credit Card,Bali trip,,Vacation expenses,Uncleared,,Personal Expense,Vacation,,1 PCS,,1341,
1329,17-03-2019,-211.0,Food,Restaurant,Credit Card,,,Swiggy,Uncleared,,Personal Expense,,,1 PCS,,1342,
1335,19-03-2019,80.0,Income,,Google Pay,For breakfast in Cafeteria,,Abin Nair,Uncleared,,Personal Expense,,,1 PCS,,1348,
1337,20-03-2019,-40.0,Food,Restaurant,Paytm,,,Cafeteria,Uncleared,,Personal Expense,,,1 PCS,,1349,
1339,22-03-2019,-40.0,Food,Restaurant,Paytm,,,Cafeteria,Uncleared,,Personal Expense,,,1 PCS,,1350,
1340,22-03-2019,-204.0,Other,Online Store,Credit Card,Perfume,,Amazon,Uncleared,,Personal Expense,,,1 PCS,,1352,
1344,23-03-2019,-120.0,Food,Restaurant,Credit Card,,,Zomato,Uncleared,,Personal Expense,,,1 PCS,,1356,
1350,26-03-2019,80.0,Income,,Google Pay,For breakfast in Cafeteria,,Abin Nair,Uncleared,,Personal Expense,,,1 PCS,,1363,
1359,28-03-2019,75.0,Income,,Cash,Badminton,,Balu,Cleared,,Personal Expense,,,1 PCS,,1373,
1365,30-03-2019,75.0,Income,,Paytm,Badminton,,Sallu,Uncleared,,Personal Expense,,,1 PCS,,1378,
1367,31-03-2019,12000.0,Income,,Google Pay,Settled for Bali trip,,Aarti Rao,Uncleared,,Personal Expense,,,1 PCS,,1383,
1370,01-04-2019,-40.0,Food,Restaurant,Paytm,,,Cafeteria,Cleared,,Personal Expense,,,1 PCS,,1382,
1383,05-04-2019,-113.0,Food,Restaurant,Credit Card,,,Swiggy,Uncleared,,Personal Expense,,,1 PCS,,1396,
1384,06-04-2019,-448.0,Entertainment,Sports,Credit Card,Sreejesh  Vibin  Neeraj,,Playo,Uncleared,,Personal Expense,,,1 PCS,,1397,
1385,06-04-2019,-170.0,Food,Snack,Cash,,,Juice Point,Uncleared,,Personal Expense,,,1 PCS,,1398,
1389,08-04-2019,-40.0,Food,Restaurant,Paytm,,,Cafeteria,Uncleared,,Personal Expense,,,1 PCS,,1402,
1393,08-04-2019,-45.0,Entertainment,Sports,Google Pay,Badminton,,Sreedhar,Uncleared,,Personal Expense,,,1 PCS,,1406,
1393,08-04-2019,-45.0,Entertainment,Sports,Google Pay,Badminton,,Sreedhar,Uncleared,,Personal Expense,,,1 PCS,,1406,
1410,13-04-2019,-73.0,Food,Restaurant,Amazon Pay,,,Swiggy,Uncleared,,Personal Expense,,,1 PCS,,1423,
1412,14-04-2019,-70.0,Entertainment,Sports,Google Pay,Badminton,,Sreedhar,Uncleared,,Personal Expense,,,1 PCS,,1425,
1422,20-04-2019,-143.0,Food,Super Market,Cash,,,Lulu Hypermarket,Cleared,,Personal Expense,,,1 PCS,,1443,
1425,20-04-2019,-395.0,Entertainment,Movies,Credit Card,Kumbalangi nights,,Book my show,Cleared,,Personal Expense,,,1 PCS,,1441,
1429,21-04-2019,-299.0,Utilities,Internet,Credit Card,,,Hotstar,Uncleared,,Personal Expense,,,1 PCS,,1449,
1433,24-04-2019,-35.0,Food,Restaurant,Paytm,,,Cafeteria,Cleared,,Personal Expense,,,1 PCS,,1451,
1435,25-04-2019,-189.0,Food,Restaurant,Amazon Pay,,,Swiggy,Uncleared,,Personal Expense,,,1 PCS,,1454,
1438,26-04-2019,-10.0,Food,Restaurant,Cash,,,Sree Krishna,Cleared,,Personal Expense,,,1 PCS,,1458,
1440,28-04-2019,-40.0,Travel,Bus,Cash,,,Bmtc,Uncleared,,Personal Expense,,,1 PCS,,1460,
1441,28-04-2019,-30.0,Food,Snack,Cash,,,Juice Point,Cleared,,Personal Expense,,,1 PCS,,1461,
1444,29-04-2019,-67.0,Food,Restaurant,Paytm,,,Cafeteria,Uncleared,,Personal Expense,,,1 PCS,,1466,
1450,01-05-2019,-367.0,Food,Restaurant,PhonePe,,,Swiggy,Uncleared,,Personal Expense,,,1 PCS,,1473,
1453,01-05-2019,-86.0,Utilities,Water,Paytm,,,Water can,Uncleared,,Personal Expense,,,1 PCS,,1476,
1461,04-05-2019,-65.0,Entertainment,Sports,Google Pay,Badminton,,Sreedhar,Uncleared,,Personal Expense,,,1 PCS,,1483,
1464,05-05-2019,-450.0,Entertainment,Sports,Credit Card,Sreejesh  Vibin  Neeraj  Balu,,Playo,Uncleared,,Personal Expense,,,1 PCS,,1490,
1464,05-05-2019,-450.0,Entertainment,Sports,Credit Card,Sreejesh  Vibin  Neeraj  Balu,,Playo,Uncleared,,Personal Expense,,,1 PCS,,1490,
1467,06-05-2019,-40.0,Food,Restaurant,Paytm,,,Cafeteria,Uncleared,,Personal Expense,,,1 PCS,,1488,
1467,06-05-2019,-40.0,Food,Restaurant,Paytm,,,Cafeteria,Uncleared,,Personal Expense,,,1 PCS,,1488,
1473,08-05-2019,-450.0,Entertainment,Sports,Credit Card,Sreejesh   Meby  Neeraj  Vibin  Vimal  Balu,,Playo,Uncleared,,Personal Expense,,,1 PCS,,1508,
1473,08-05-2019,-450.0,Entertainment,Sports,Credit Card,Sreejesh   Meby  Neeraj  Vibin  Vimal  Balu,,Playo,Uncleared,,Personal Expense,,,1 PCS,,1508,
1484,12-05-2019,-20.0,Food,Snack,Paytm,,,Juice Point,Cleared,,Personal Expense,,,1 PCS,,1506,
1487,12-05-2019,70.0,Income,,Paytm,Badminton,,Balu,Uncleared,,Personal Expense,,,1 PCS,,1510,
1498,14-05-2019,-325.0,Food,Restaurant,Credit Card,,,Zomato,Uncleared,,Personal Expense,,,1 PCS,,1522,
1503,15-05-2019,-80.0,Food,Restaurant,Paytm,Abin,,Cafeteria,Uncleared,,Personal Expense,,,1 PCS,,1529,
1504,15-05-2019,-90.0,Personal,Other,Google Pay,Splitwise,,Anoop VM,Uncleared,,Personal Expense,,,1 PCS,,1530,
1504,15-05-2019,-90.0,Personal,Other,Google Pay,Splitwise,,Anoop VM,Uncleared,,Personal Expense,,,1 PCS,,1530,
1507,16-05-2019,-80.0,Food,Restaurant,Paytm,Abin,,Cafeteria,Uncleared,,Personal Expense,,,1 PCS,,1533,
1512,16-05-2019,-99.0,Travel,Taxi,Credit Card,,,Uber,Uncleared,,Personal Expense,,,1 PCS,,1539,
1516,17-05-2019,-1489.0,Travel,Bus,Credit Card,Going home,,Ksrtc,Uncleared,,Personal Expense,,,1 PCS,,1499,
1522,21-05-2019,118.0,Income,,Google Pay,Badminton,,Sreejesh,Uncleared,,Personal Expense,,,1 PCS,,1549,
1526,21-05-2019,15.0,Income,,Amazon Pay,,,Amazon,Uncleared,,Personal Expense,,,1 PCS,,1553,
1529,22-05-2019,-80.0,Food,Restaurant,Paytm,Abin,,Cafeteria,Uncleared,,Personal Expense,,,1 PCS,,1557,
1530,22-05-2019,-457.0,Entertainment,Sports,Credit Card,Sreejesh  Neeraj  Sallu(1hr),,Playo,Uncleared,,Personal Expense,,,1 PCS,,1555,
1533,23-05-2019,209.0,Income,,Google Pay,Badminton,,Sreejesh,Uncleared,,Personal Expense,,,1 PCS,,1560,
1535,23-05-2019,76.0,Income,,Google Pay,Badminton shuttle,,Abin Nair,Uncleared,,Personal Expense,,,1 PCS,,1562,
1536,23-05-2019,-140.0,Food,Restaurant,Amazon Pay,,,Swiggy,Uncleared,,Personal Expense,,,1 PCS,,1563,
1542,26-05-2019,-40.0,Food,Restaurant,Cash,,,Sagar,Cleared,,Personal Expense,,,1 PCS,,1569,
1554,28-05-2019,-112.0,Food,Restaurant,Amazon Pay,,,Swiggy,Uncleared,,Personal Expense,,,1 PCS,,1578,
1562,31-05-2019,-207.0,Food,Restaurant,Credit Card,,,Swiggy,Uncleared,,Personal Expense,,,1 PCS,,1588,
1563,01-06-2019,-877.0,Entertainment,Movies,Credit Card,Godzilla (x5),,Book my show,Uncleared,,Personal Expense,,,1 PCS,,1587,
1570,04-06-2019,-40.0,Food,Restaurant,Paytm,,,Cafeteria,Uncleared,,Personal Expense,,,1 PCS,,1597,
1595,14-06-2019,100.0,Income,,Google Pay,Cafeteria,,Abin Nair,Uncleared,,Personal Expense,,,1 PCS,,1618,
1596,14-06-2019,-80.0,Food,Restaurant,Paytm,Abin,,Cafeteria,Uncleared,,Personal Expense,,,1 PCS,,1619,
1598,15-06-2019,-93.0,Food,Restaurant,Amazon Pay,,,Swiggy,Uncleared,,Personal Expense,,,1 PCS,,1622,
1607,19-06-2019,-80.0,Food,Restaurant,Paytm,Abin,,Cafeteria,Uncleared,,Personal Expense,,,1 PCS,,1630,
1612,19-06-2019,-161.0,Food,Restaurant,Google Pay,,,Swiggy,Uncleared,,Personal Expense,,,1 PCS,,1635,
1618,22-06-2019,700.0,Income,,Electronic Transfer,Refund Jun 23,,Irctc,Uncleared,,Personal Expense,,,1 PCS,,1639,
1621,22-06-2019,-219.0,Food,Restaurant,Google Pay,Vibin,,Swiggy,Uncleared,,Personal Expense,,,1 PCS,,1643,
1622,22-06-2019,-89.0,Food,Snack,PhonePe,,,Swiss Icecream,Uncleared,,Personal Expense,,,1 PCS,,1644,
1626,24-06-2019,-40.0,Food,Restaurant,Paytm,,,Cafeteria,Uncleared,,Personal Expense,,,1 PCS,,1647,
1628,25-06-2019,-40.0,Food,Restaurant,Paytm,,,Cafeteria,Uncleared,,Personal Expense,,,1 PCS,,1650,
1630,26-06-2019,-40.0,Food,Restaurant,Paytm,,,Cafeteria,Uncleared,,Personal Expense,,,1 PCS,,1651,
1632,27-06-2019,-40.0,Food,Restaurant,Paytm,,,Cafeteria,Uncleared,,Personal Expense,,,1 PCS,,1652,
1638,30-06-2019,-89.0,Food,Snack,Credit Card,,,Chai Point,Uncleared,,Personal Expense,,,1 PCS,,1659,
1643,01-07-2019,-76.0,Food,Restaurant,Amazon Pay,,,Swiggy,Uncleared,,Personal Expense,,,1 PCS,,1664,
1643,01-07-2019,-76.0,Food,Restaurant,Amazon Pay,,,Swiggy,Uncleared,,Personal Expense,,,1 PCS,,1664,
1656,08-07-2019,-10.0,Travel,Bus,Cash,,,Bmtc,Cleared,,Personal Expense,,,1 PCS,,1680,
1658,09-07-2019,-40.0,Food,Restaurant,Paytm,,,Cafeteria,Cleared,,Personal Expense,,,1 PCS,,1682,
1660,10-07-2019,-40.0,Food,Restaurant,Paytm,,,Cafeteria,Uncleared,,Personal Expense,,,1 PCS,,1684,
1662,10-07-2019,40.0,Income,,Google Pay,,,Abin Nair,Uncleared,,Personal Expense,,,1 PCS,,1686,
1663,10-07-2019,-180.0,Food,Snack,Credit Card,,,Uber Eats,Uncleared,,Personal Expense,,,1 PCS,,1687,
1671,13-07-2019,-35.0,Food,Restaurant,Amazon Pay,Amazon cashback +200,,Swiggy,Uncleared,,Personal Expense,,,1 PCS,,1695,
1679,16-07-2019,-40.0,Food,Restaurant,Paytm,,,Cafeteria,Uncleared,,Personal Expense,,,1 PCS,,1703,
1688,19-07-2019,65.0,Income,,Paytm,Badminton,,Neeraj,Uncleared,,Personal Expense,,,1 PCS,,1712,
1692,20-07-2019,65.0,Income,,Google Pay,Badminton,,Rabeesh,Uncleared,,Personal Expense,,,1 PCS,,1716,
1693,20-07-2019,45.0,Income,,Google Pay,Badminton,,Prajith,Uncleared,,Personal Expense,,,1 PCS,,1717,
1696,21-07-2019,-69.0,Food,Snack,Electronic Transfer,,,Chai Point,Uncleared,,Personal Expense,,,1 PCS,,1720,
1696,21-07-2019,-69.0,Food,Snack,Electronic Transfer,,,Chai Point,Uncleared,,Personal Expense,,,1 PCS,,1720,
1699,22-07-2019,-80.0,Food,Restaurant,Paytm,Abin,,Cafeteria,Uncleared,,Personal Expense,,,1 PCS,,1723,
1700,22-07-2019,-187.0,Food,Restaurant,Google Pay,,,Swiggy,Uncleared,,Personal Expense,,,1 PCS,,1724,
1709,24-07-2019,-180.0,Food,Snack,Credit Card,,,Uber Eats,Uncleared,,Personal Expense,,,1 PCS,,1734,
1717,27-07-2019,-170.0,Food,Restaurant,Credit Card,,,Zomato,Uncleared,,Personal Expense,,,1 PCS,,1741,
1719,28-07-2019,-79.0,Food,Snack,Electronic Transfer,,,Chai Point,Uncleared,,Personal Expense,,,1 PCS,,1742,
1723,28-07-2019,-132.0,Food,Restaurant,Credit Card,,,Zomato,Uncleared,,Personal Expense,,,1 PCS,,1746,
1727,30-07-2019,-289.0,Entertainment,Sports,Credit Card,,,Playo,Uncleared,,Personal Expense,,,1 PCS,,1751,
1730,01-08-2019,-40.0,Food,Restaurant,Paytm,,,Cafeteria,Uncleared,,Personal Expense,,,1 PCS,,1754,
1745,07-08-2019,-314.0,Food,Restaurant,Google Pay,+Super 3 months plan,,Swiggy,Uncleared,,Personal Expense,,,1 PCS,,1772,
1747,08-08-2019,-40.0,Food,Restaurant,Paytm,,,Cafeteria,Uncleared,,Personal Expense,,,1 PCS,,1774,
1747,08-08-2019,-40.0,Food,Restaurant,Paytm,,,Cafeteria,Uncleared,,Personal Expense,,,1 PCS,,1774,
1756,12-08-2019,-98.0,Entertainment,Sports,Google Pay,Badminton,,Sreejesh,Uncleared,,Personal Expense,,,1 PCS,,1784,
1757,12-08-2019,101.0,Income,,Google Pay,Badminton,,Rabeesh,Uncleared,,Personal Expense,,,1 PCS,,1785,
1763,14-08-2019,-40.0,Food,Restaurant,Paytm,,,Cafeteria,Uncleared,,Personal Expense,,,1 PCS,,1790,
1768,16-08-2019,-1575.0,Travel,Train,Google Pay,,,Irctc,Uncleared,,Personal Expense,,,1 PCS,,1765,
1769,16-08-2019,-40.0,Food,Restaurant,Paytm,,,Cafeteria,Uncleared,,Personal Expense,,,1 PCS,,1793,
1773,18-08-2019,220.0,Income,,Electronic Transfer,Canceled ticket refund,,Irctc,Uncleared,,Personal Expense,,,1 PCS,,1674,
1776,19-08-2019,-1500.0,Health Care,Dental,Cash,X ray,,AIMS,Cleared,,Personal Expense,,,1 PCS,,1798,
1778,19-08-2019,-188.0,Travel,Taxi,Credit Card,,,Uber,Cleared,,Personal Expense,,,1 PCS,,1799,
1782,21-08-2019,63.0,Income,,Credit Card,Flight cancelation refund,,Smart Buy,Uncleared,,Personal Expense,,,1 PCS,,1804,
1784,22-08-2019,-40.0,Food,Restaurant,Paytm,,,Cafeteria,Uncleared,,Personal Expense,,,1 PCS,,1807,
1794,27-08-2019,-70.0,Travel,Taxi,Credit Card,,,Uber,Uncleared,,Personal Expense,,,1 PCS,,1813,
1801,03-09-2019,-965.0,Travel,Train,PhonePe,,,Irctc,Uncleared,,Personal Expense,,,1 PCS,,1805,
1806,05-09-2019,-40.0,Food,Restaurant,Paytm,,,Cafeteria,Uncleared,,Personal Expense,,,1 PCS,,1828,
1822,10-09-2019,204.0,Income,,Paytm,Movies,,Neeraj,Uncleared,,Personal Expense,,,1 PCS,,1843,
1823,10-09-2019,-304.0,Food,Groceries,Credit Card,,,Big Basket,Uncleared,,Personal Expense,,,1 PCS,,1844,
1824,11-09-2019,-195.0,Food,Restaurant,Credit Card,,,Freshmenu,Uncleared,,Personal Expense,,,1 PCS,,1845,
1828,14-09-2019,-86.0,Utilities,Water,Paytm,,,Water can,Uncleared,,Personal Expense,,,1 PCS,,1849,
1834,17-09-2019,-82.0,Entertainment,Sports,Google Pay,,,Sachin,Uncleared,,Personal Expense,,,1 PCS,,1855,
1848,20-09-2019,-306.0,Food,Restaurant,Credit Card,,,Freshmenu,Uncleared,,Personal Expense,,,1 PCS,,1869,
1852,22-09-2019,-300.0,Entertainment,Sports,Google Pay,Cricket pants,,Sachin,Uncleared,,Personal Expense,,,1 PCS,,1873,
1857,23-09-2019,1000.0,Income,,Paytm,,,Neeraj,Uncleared,,Personal Expense,,,1 PCS,,1878,
1865,26-09-2019,91.0,Income,,Electronic Transfer,Freshmenu cash back,,Payzapp,Uncleared,,Personal Expense,,,1 PCS,,1886,
1877,01-10-2019,-40.0,Food,Restaurant,Paytm,,,Cafeteria,Uncleared,,Personal Expense,,,1 PCS,,1898,
1879,02-10-2019,-89.0,Food,Snack,Electronic Transfer,,,Chai Point,Uncleared,,Personal Expense,,,1 PCS,,1899,
1884,03-10-2019,-388.0,Travel,Train,Google Pay,,,Irctc,Uncleared,,Personal Expense,,,1 PCS,,1822,
1884,03-10-2019,-388.0,Travel,Train,Google Pay,,,Irctc,Uncleared,,Personal Expense,,,1 PCS,,1822,
1887,05-10-2019,-2000.0,Health Care,Dental,Cash,,,Orthodontix and More,Uncleared,,Personal Expense,,,1 PCS,,1907,
1890,06-10-2019,-536.0,Entertainment,Movies,Electronic Transfer,Joker,,Book my show,Uncleared,,Personal Expense,,,1 PCS,,1910,
1897,09-10-2019,-84.0,Food,Restaurant,Paytm,,,Swiggy,Uncleared,,Personal Expense,,,1 PCS,,1917,
1903,11-10-2019,-234.0,Food,Restaurant,Credit Card,,,Zomato,Uncleared,,Personal Expense,,,1 PCS,,1923,
1903,11-10-2019,-234.0,Food,Restaurant,Credit Card,,,Zomato,Uncleared,,Personal Expense,,,1 PCS,,1923,
1903,11-10-2019,-234.0,Food,Restaurant,Credit Card,,,Zomato,Uncleared,,Personal Expense,,,1 PCS,,1923,
1906,12-10-2019,-99.0,Food,Snack,Electronic Transfer,,,Chai Point,Uncleared,,Personal Expense,,,1 PCS,,1924,
1919,16-10-2019,-40.0,Food,Restaurant,Paytm,,,Cafeteria,Uncleared,,Personal Expense,,,1 PCS,,1939,
1919,16-10-2019,-40.0,Food,Restaurant,Paytm,,,Cafeteria,Uncleared,,Personal Expense,,,1 PCS,,1939,
1921,17-10-2019,-189.0,Food,Restaurant,Credit Card,,,Swiggy,Uncleared,,Personal Expense,,,1 PCS,,1941,
1927,21-10-2019,-53.0,Travel,Bus,Cash,,,Bmtc,Uncleared,,Personal Expense,,,1 PCS,,1949,
1936,24-10-2019,-164.0,Food,Restaurant,Credit Card,,,Zomato,Uncleared,,Personal Expense,,,1 PCS,,1956,
1942,25-10-2019,-8608.0,Other,Online Store,Electronic Transfer,Samsung monitor,,Amazon,Uncleared,,Personal Expense,,,1 PCS,,1965,
1949,26-10-2019,-86.0,Utilities,Water,Paytm,,,Water can,Uncleared,,Personal Expense,,,1 PCS,,1968,
1975,07-11-2019,-800.0,Utilities,Cable TV,Credit Card,,,Netflix,Uncleared,,Personal Expense,,,1 PCS,,2079,
1982,09-11-2019,-18.0,Travel,Other Transportation,Electronic Transfer,,,Metro,Uncleared,,Personal Expense,,,1 PCS,,2000,
1983,09-11-2019,-187.0,Food,Restaurant,Credit Card,,,Swiggy,Uncleared,,Personal Expense,,,1 PCS,,2001,
1988,12-11-2019,-40.0,Food,Restaurant,Paytm,,,Cafeteria,Uncleared,,Personal Expense,,,1 PCS,,2006,
1989,12-11-2019,-35.0,Food,Restaurant,Paytm,For Akhil,,Cafeteria,Uncleared,,Personal Expense,,,1 PCS,,2007,
1994,14-11-2019,-40.0,Food,Restaurant,Paytm,,,Cafeteria,Uncleared,,Personal Expense,,,1 PCS,,2011,
1996,15-11-2019,-40.0,Food,Restaurant,Paytm,,,Cafeteria,Uncleared,,Personal Expense,,,1 PCS,,2013,
2001,16-11-2019,-1876.0,Other,Online Store,Credit Card,,,Amazon,Uncleared,,Personal Expense,,,1 PCS,,2018,
2019,23-11-2019,-240.0,Vacation,Airplane,Amazon Pay,One plus 3 case,,Amazon,Uncleared,,Personal Expense,,,1 PCS,,2037,
2031,26-11-2019,7198.0,Income,,Google Pay,HP trip - Flight ticket,,Neeraj,Uncleared,,Personal Expense,,,1 PCS,,2048,
2035,03-12-2019,-737.0,Travel,Taxi,Credit Card,Split with Neeraj,,Uber,Uncleared,,Personal Expense,,,1 PCS,,2053,
2035,03-12-2019,-737.0,Travel,Taxi,Credit Card,Split with Neeraj,,Uber,Uncleared,,Personal Expense,,,1 PCS,,2053,
2042,04-12-2019,-40.0,Food,Snack,Cash,,,No name,Uncleared,,Personal Expense,,,1 PCS,,2061,
2044,05-12-2019,200.0,Income,,Google Pay,Netflix,,Abin Nair,Cleared,,Personal Expense,,,1 PCS,,2062,
2048,06-12-2019,-532.0,Entertainment,Movies,Electronic Transfer,Ford vs Ferrari,,Book my show,Uncleared,,Personal Expense,,,1 PCS,,2066,
2057,08-12-2019,46.0,Income,,Amazon Pay,,,Amazon,Uncleared,,Personal Expense,,,1 PCS,,2077,
2059,08-12-2019,-31.0,Travel,Other Transportation,Electronic Transfer,,,Metro,Uncleared,,Personal Expense,,,1 PCS,,2080,
2060,08-12-2019,-175.0,Food,Restaurant,PhonePe,,,Kfc,Uncleared,,Personal Expense,,,1 PCS,,2081,
2061,08-12-2019,-217.0,Food,Restaurant,Credit Card,,,Swiggy,Uncleared,,Personal Expense,,,1 PCS,,2082,
2066,10-12-2019,-40.0,Food,Restaurant,Paytm,,,Cafeteria,Uncleared,,Personal Expense,,,1 PCS,,2086,
2084,15-12-2019,-89.0,Food,Snack,Electronic Transfer,,,Chai Point,Uncleared,,Personal Expense,,,1 PCS,,2108,
2089,16-12-2019,-40.0,Food,Restaurant,Paytm,,,Cafeteria,Uncleared,,Personal Expense,,,1 PCS,,2113,
2094,19-12-2019,-1000.0,Travel,Train,Google Pay,,,Irctc,Uncleared,,Personal Expense,,,1 PCS,,1995,
2099,21-12-2019,-2000.0,Health Care,Dental,Cash,,,Orthodontix and More,Uncleared,,Personal Expense,,,1 PCS,,2121,
2104,24-12-2019,-117.0,Food,Restaurant,Credit Card,,,Swiggy,Uncleared,,Personal Expense,,,1 PCS,,2124,
2105,25-12-2019,1030.0,Income,,Electronic Transfer,,,Irctc,Uncleared,,Personal Expense,,,1 PCS,,2128,
2108,25-12-2019,-129.0,Food,Restaurant,Credit Card,,,Swiggy,Uncleared,,Personal Expense,,,1 PCS,,2131,
2111,26-12-2019,-40.0,Food,Restaurant,Paytm,,,Cafeteria,Uncleared,,Personal Expense,,,1 PCS,,2133,
2120,28-12-2019,-183.0,Food,Restaurant,Credit Card,J24 Mart,,Swiggy,Uncleared,,Personal Expense,,,1 PCS,,2142,
2123,29-12-2019,-27.0,Travel,Other Transportation,Electronic Transfer,,,Metro,Uncleared,,Personal Expense,,,1 PCS,,2145,
2129,31-12-2019,-138.0,Travel,Taxi,Credit Card,,,Uber,Uncleared,,Personal Expense,,,1 PCS,,2151,
2131,01-01-2020,-9189.0,Household,Rent,Google Pay,,,Vibin,Uncleared,,Personal Expense,,,1 PCS,,2168,
2133,01-01-2020,-1916.0,Food,Restaurant,Google Pay,Splitwise settlement,,Sreejesh,Uncleared,,Personal Expense,,,1 PCS,,2154,
2134,02-01-2020,-40.0,Food,Restaurant,Paytm,,,Cafeteria,Uncleared,,Personal Expense,,,1 PCS,,2155,
2135,02-01-2020,-205.0,Food,Restaurant,Payzapp,,,Swiggy,Uncleared,,Personal Expense,,,1 PCS,,2157,
2137,03-01-2020,-164.0,Food,Restaurant,Credit Card,,,Zomato,Uncleared,,Personal Expense,,,1 PCS,,2158,
2142,04-01-2020,-162.0,Food,Restaurant,Credit Card,,,Swiggy,Uncleared,,Personal Expense,,,1 PCS,,2163,
2144,05-01-2020,-164.0,Food,Restaurant,Credit Card,,,Swiggy,Uncleared,,Personal Expense,,,1 PCS,,2165,
2148,07-01-2020,-40.0,Food,Restaurant,Paytm,,,Cafeteria,Uncleared,,Personal Expense,,,1 PCS,,2170,
2156,09-01-2020,-280.0,Food,Restaurant,Credit Card,,,Swiggy,Uncleared,,Personal Expense,,,1 PCS,,2178,
2165,13-01-2020,200.0,Income,,Cash,Netflix,,Manaswi,Uncleared,,Personal Expense,,,1 PCS,,2187,
2214,30-01-2020,-139.0,Food,Restaurant,Credit Card,,,Swiggy,Uncleared,,Personal Expense,,,1 PCS,,2235,
2215,31-01-2020,-38.0,Travel,Taxi,Paytm,,,Quick ride,Uncleared,,Personal Expense,,,1 PCS,,2237,
2219,01-02-2020,-60.0,Travel,Other Transportation,Cash,Kochi metro,,Metro,Cleared,,Personal Expense,,,1 PCS,,2241,
2221,02-02-2020,-20682.0,Household,Rent,Google Pay,Rent + splitwise + Vimal settlement,,Vibin,Uncleared,,Personal Expense,,,1 PCS,,2245,
2222,02-02-2020,-1595.0,Travel,Bus,Credit Card,,,Ksrtc,Uncleared,,Personal Expense,,,1 PCS,,2249,
2226,03-02-2020,-118.0,Food,Restaurant,Credit Card,,,Zomato,Uncleared,,Personal Expense,,,1 PCS,,2250,
2235,05-02-2020,-115.0,Travel,Taxi,Credit Card,,,Uber,Uncleared,,Personal Expense,,,1 PCS,,2256,
2237,06-02-2020,-40.0,Food,Restaurant,Paytm,,,Cafeteria,Uncleared,,Personal Expense,,,1 PCS,,2259,
2239,07-02-2020,-469.0,Utilities,Telephone,Paytm,Amma's mobile bill,,Bsnl,Uncleared,,Personal Expense,,,1 PCS,,2262,
2240,07-02-2020,-318.0,Food,Restaurant,Credit Card,,,Swiggy,Uncleared,,Personal Expense,,,1 PCS,,2263,
2244,08-02-2020,-193.0,Entertainment,Sports,Credit Card,Football turf,,Dilshan,Cleared,,Personal Expense,,,1 PCS,,2267,
2248,09-02-2020,-399.0,Personal,Clothing,Credit Card,,,Decathlon,Uncleared,,Personal Expense,,,1 PCS,,2272,
2254,10-02-2020,-40.0,Food,Restaurant,Paytm,,,Cafeteria,Uncleared,,Personal Expense,,,1 PCS,,2278,
2258,12-02-2020,-40.0,Food,Restaurant,Paytm,,,Cafeteria,Uncleared,,Personal Expense,,,1 PCS,,2282,
2261,13-02-2020,-40.0,Food,Restaurant,Paytm,,,Cafeteria,Uncleared,,Personal Expense,,,1 PCS,,2285,
2265,14-02-2020,-182.0,Food,Restaurant,Credit Card,,,Zomato,Uncleared,,Personal Expense,,,1 PCS,,2289,
2266,15-02-2020,-470.0,Entertainment,Movies,Credit Card,Parasite,,Book my show,Uncleared,,Personal Expense,,,1 PCS,,2290,
2268,15-02-2020,-30.0,Travel,Cycle rental,Paytm,,,Yulu,Uncleared,,Personal Expense,,,1 PCS,,2291,
2272,15-02-2020,-103.0,Entertainment,Sports,Credit Card,Football turf,,Dilshan,Uncleared,,Personal Expense,,,1 PCS,,2296,
2277,15-02-2020,-287.0,Food,Restaurant,Credit Card,,,Swiggy,Uncleared,,Personal Expense,,,1 PCS,,2301,
2281,17-02-2020,-86.0,Utilities,Water,Paytm,,,Water can,Uncleared,,Personal Expense,,,1 PCS,,2305,
2283,18-02-2020,-40.0,Food,Restaurant,Paytm,,,Cafeteria,Uncleared,,Personal Expense,,,1 PCS,,2307,
2287,20-02-2020,-201.0,Food,Restaurant,Credit Card,,,Swiggy,Uncleared,,Personal Expense,,,1 PCS,,2311,
2290,21-02-2020,-40.0,Food,Restaurant,Paytm,,,Cafeteria,Uncleared,,Personal Expense,,,1 PCS,,2314,
2295,23-02-2020,-190.0,Food,Restaurant,Credit Card,,,Swiggy,Uncleared,,Personal Expense,,,1 PCS,,2318,
2300,27-02-2020,-40.0,Food,Restaurant,Paytm,,,Cafeteria,Uncleared,,Personal Expense,,,1 PCS,,2324,
2303,28-02-2020,-1119.0,Travel,Train,Google Pay,,,Irctc,Uncleared,,Personal Expense,,,1 PCS,,2244,
2310,02-03-2020,-40.0,Food,Restaurant,Paytm,,,Cafeteria,Uncleared,,Personal Expense,,,1 PCS,,2334,
2312,03-03-2020,-40.0,Food,Restaurant,Paytm,,,Cafeteria,Uncleared,,Personal Expense,,,1 PCS,,2333,
2319,04-03-2020,113.0,Income,,Google Pay,Badminton,,Sreejesh,Uncleared,,Personal Expense,,,1 PCS,,2340,
2320,04-03-2020,-113.0,Entertainment,Sports,Paytm,Badminton,,Neeraj,Uncleared,,Personal Expense,,,1 PCS,,2341,
2335,09-03-2020,-40.0,Food,Restaurant,Paytm,,,Cafeteria,Uncleared,,Personal Expense,,,1 PCS,,2357,
2336,09-03-2020,-92.0,Food,Restaurant,Credit Card,,,Zomato,Uncleared,,Personal Expense,,,1 PCS,,2358,
2340,10-03-2020,-358.0,Travel,Train,Google Pay,,,Irctc,Uncleared,,Personal Expense,,,1 PCS,,2101,
2348,13-03-2020,-210.0,Travel,Taxi,Credit Card,,,Uber,Uncleared,,Personal Expense,,,1 PCS,,2368,
2348,13-03-2020,-210.0,Travel,Taxi,Credit Card,,,Uber,Uncleared,,Personal Expense,,,1 PCS,,2368,
2355,20-03-2020,-319.0,Food,Groceries,Google Pay,Kitchen items,,Dunzo,Uncleared,,Personal Expense,,,1 PCS,,2375,
2359,30-03-2020,-366.0,Food,Groceries,Paytm,,,Dunzo,Uncleared,,Personal Expense,,,1 PCS,,2381,
2366,11-04-2020,-1453.0,Utilities,Cable TV,Google Pay,,,Hotstar,Uncleared,,Personal Expense,,,1 PCS,,2386,
2374,16-04-2020,-469.0,Utilities,Telephone,Paytm,Amma's mobile bill,,Bsnl,Uncleared,,Personal Expense,,,1 PCS,,2394,
2383,04-05-2020,200.0,Income,,Google Pay,Netflix,,Deepak,Uncleared,,Personal Expense,,,1 PCS,,2403,
2385,06-05-2020,-533.0,Food,Groceries,Credit Card,,,More,Uncleared,,Personal Expense,,,1 PCS,,2405,
2392,13-05-2020,-773.0,Food,Groceries,Credit Card,,,More,Uncleared,,Personal Expense,,,1 PCS,,2413,
2399,28-05-2020,-839.0,Food,Groceries,Credit Card,,,More,Uncleared,,Personal Expense,,,1 PCS,,2420,
2418,10-06-2020,-368.0,Food,Groceries,Google Pay,,,Licious,Uncleared,,Personal Expense,,,1 PCS,,2439,
2420,12-06-2020,-277.0,Home Office,Stationery,Amazon Pay,,,Amazon,Uncleared,,Personal Expense,,,1 PCS,,2441,
2421,15-06-2020,-307.0,Food,Groceries,Paytm,,,Dunzo,Uncleared,,Personal Expense,,,1 PCS,,2442,
2427,20-06-2020,-839.0,Travel,Taxi,Credit Card,Cab to BLR Airport,,Make my trip,Cleared,,Personal Expense,,,1 PCS,,2450,
2428,20-06-2020,-970.0,Travel,Taxi,Cash,Ride to home,,CIAL,Cleared,,Personal Expense,,,1 PCS,,2449,
2434,04-07-2020,-800.0,Utilities,Cable TV,Credit Card,,,Netflix,Cleared,,Personal Expense,,,1 PCS,,2455,
2439,21-07-2020,-171.0,Food,Snack,Google Pay,Modern bakery,,Bakery,Uncleared,,Personal Expense,,,1 PCS,,2470,
2439,21-07-2020,-171.0,Food,Snack,Google Pay,Modern bakery,,Bakery,Uncleared,,Personal Expense,,,1 PCS,,2470,
2442,02-08-2020,-175.0,Personal,Donation,Google Pay,Donation to Wikipedia,,Wikimedia,Uncleared,,Personal Expense,,,1 PCS,,2461,
2442,02-08-2020,-175.0,Personal,Donation,Google Pay,Donation to Wikipedia,,Wikimedia,Uncleared,,Personal Expense,,,1 PCS,,2461,
2452,17-08-2020,-892.5,Utilities,Internet,Google Pay,Broadband,,DEN,Cleared,,Personal Expense,,,1 PCS,,2473,
2480,07-10-2020,-800.0,Utilities,Cable TV,Credit Card,,,Netflix,Uncleared,,Personal Expense,,,1 PCS,,2500,
2485,13-10-2020,-892.5,Utilities,Internet,Credit Card,,,DEN,Uncleared,,Personal Expense,,,1 PCS,,2506,
2496,07-11-2020,200.0,Income,,Google Pay,Netflix,,Abin Nair,Uncleared,,Personal Expense,,,1 PCS,,2516,
2511,04-12-2020,-156.0,Food,Restaurant,PhonePe,,,Swiggy,Uncleared,,Personal Expense,,,1 PCS,,2532,
2515,07-12-2020,200.0,Income,,Google Pay,Netflix,,Abin Nair,Uncleared,,Personal Expense,,,1 PCS,,2536,
2523,21-12-2020,-231.0,Food,Restaurant,Paytm,,,Swiggy,Uncleared,,Personal Expense,,,1 PCS,,2544,
2525,23-12-2020,-135.0,Food,Snack,PhonePe,,,Modern Bakery,Cleared,,Personal Expense,,,1 PCS,,2546,
2534,01-01-2021,-40.0,Travel,Other Transportation,Electronic Transfer,,,Metro,Uncleared,,Personal Expense,,,1 PCS,,2558,
2541,08-01-2021,200.0,Income,,Paytm,Netflix,,Neeraj,Uncleared,,Personal Expense,,,1 PCS,,2562,
2543,09-01-2021,-240.0,Food,Groceries,Google Pay,,,Fishland,Uncleared,,Personal Expense,,,1 PCS,,2564,
2544,09-01-2021,-142.0,Food,Snack,PhonePe,,,Modern Bakery,Uncleared,,Personal Expense,,,1 PCS,,2565,
2545,10-01-2021,200.0,Income,,Cash,Netflix,,Deepak,Cleared,,Personal Expense,,,1 PCS,,2566,
2549,12-01-2021,-252.0,Utilities,Electric,Paytm,,,Bescom,Uncleared,,Personal Expense,,,1 PCS,,2570,
2563,07-02-2021,-800.0,Utilities,Cable TV,Credit Card,,,Netflix,Uncleared,,Personal Expense,,,1 PCS,,2584,
2563,07-02-2021,-800.0,Utilities,Cable TV,Credit Card,,,Netflix,Uncleared,,Personal Expense,,,1 PCS,,2584,
2579,01-03-2021,-999.0,Other,Online Store,Credit Card,Prime membership,,Amazon,Uncleared,,Personal Expense,,,1 PCS,,2598,
2590,13-03-2021,200.0,Income,,Paytm,Netflix,,Neeraj,Uncleared,,Personal Expense,,,1 PCS,,2611,
2596,21-03-2021,-173.0,Entertainment,Movies,Credit Card,Offer and Justice league,,Book my show,Uncleared,,Personal Expense,,,1 PCS,,2617,
2599,26-03-2021,-120.0,Food,Super Market,PhonePe,,,Valluvassery,Uncleared,,Personal Expense,,,1 PCS,,2620,
2611,07-04-2021,-30.0,Personal,Personal Care,PhonePe,Mask,,Cochin Communication,Uncleared,,Personal Expense,,,1 PCS,,2640,
2613,07-04-2021,-175.0,Food,Super Market,PhonePe,,,Sunrise,Uncleared,,Personal Expense,,,1 PCS,,2633,
2615,07-04-2021,-800.0,Utilities,Cable TV,Credit Card,,,Netflix,Uncleared,,Personal Expense,,,1 PCS,,2635,
2622,11-04-2021,130.0,Income,,Cash,,,Deepak,Uncleared,,Personal Expense,,,1 PCS,,2643,
2627,21-04-2021,-142.0,Food,Super Market,PhonePe,,,Ibwis Mart,Uncleared,,Personal Expense,,,1 PCS,,2648,
